<application>
  <component name="FileTypeManager" version="17">
    <ignoreFiles list="*$py.class;*.hprof;*.pyc;*.pyo;*.rbc;*.yarb;*~;.DS_Store;.git;.hg;.svn;CVS;__pycache__;_svn;vssver.scc;vssver2.scc;" />
    <extensionMap>
      <mapping ext="dockerfile" type="Dockerfile" />
      <mapping pattern="core" type="PLAIN_TEXT" />
      <mapping pattern=".dockerignore" type="PLAIN_TEXT" />
      <mapping pattern=".coverage" type="PLAIN_TEXT" />
      <mapping ext="yml-encrypted" type="YAML" />
      <mapping ext="yml-credential" type="YAML" />
    </extensionMap>
  </component>
</application>