<application>
  <component name="ProjectJdkTable">
    <jdk version="2">
      <name value="Python 2.7" />
      <type value="Python SDK" />
      <version value="Python 2.7.13" />
      <homePath value="C:\Python27\ArcGIS10.5\python.exe" />
      <roots>
        <classPath>
          <root type="composite">
            <root url="file://C:/Python27/ArcGIS10.5/DLLs" type="simple" />
            <root url="file://C:/Python27/ArcGIS10.5/Lib" type="simple" />
            <root url="file://C:/Python27/ArcGIS10.5/Lib/lib-tk" type="simple" />
            <root url="file://C:/Python27/ArcGIS10.5" type="simple" />
            <root url="file://C:/Python27/ArcGIS10.5/Lib/site-packages" type="simple" />
            <root url="file://C:/Program Files (x86)/ArcGIS/Desktop10.5/bin" type="simple" />
            <root url="file://C:/Program Files (x86)/ArcGIS/Desktop10.5/arcpy" type="simple" />
            <root url="file://C:/Program Files (x86)/ArcGIS/Desktop10.5/ArcToolbox/Scripts" type="simple" />
            <root url="file://$USER_HOME$/.PyCharmCE2018.2/system/python_stubs/1635332820" type="simple" />
            <root url="file://$APPLICATION_HOME_DIR$/helpers/python-skeletons" type="simple" />
            <root url="file://$APPLICATION_HOME_DIR$/helpers/typeshed/stdlib/2" type="simple" />
            <root url="file://$APPLICATION_HOME_DIR$/helpers/typeshed/stdlib/2and3" type="simple" />
            <root url="file://$APPLICATION_HOME_DIR$/helpers/typeshed/third_party/2" type="simple" />
            <root url="file://$APPLICATION_HOME_DIR$/helpers/typeshed/third_party/2and3" type="simple" />
          </root>
        </classPath>
        <sourcePath>
          <root type="composite" />
        </sourcePath>
      </roots>
      <additional />
    </jdk>
    <jdk version="2">
      <name value="Python 3.7" />
      <type value="Python SDK" />
      <version value="Python 3.7.4" />
      <homePath value="C:\Anaconda3\python.exe" />
      <roots>
        <classPath>
          <root type="composite">
            <root url="file://C:/Anaconda3/DLLs" type="simple" />
            <root url="file://C:/Anaconda3/Lib" type="simple" />
            <root url="file://C:/Anaconda3/Lib/site-packages" type="simple" />
            <root url="file://C:/Anaconda3/Lib/site-packages/win32" type="simple" />
            <root url="file://C:/Anaconda3/Lib/site-packages/win32/lib" type="simple" />
            <root url="file://C:/Anaconda3/Lib/site-packages/pythonwin" type="simple" />
            <root url="file://$USER_HOME$/.PyCharmCE2019.2/system/python_stubs/1013586911" type="simple" />
            <root url="file://$APPLICATION_HOME_DIR$/helpers/python-skeletons" type="simple" />
            <root url="file://$APPLICATION_HOME_DIR$/helpers/typeshed/stdlib/3" type="simple" />
            <root url="file://$APPLICATION_HOME_DIR$/helpers/typeshed/stdlib/2and3" type="simple" />
            <root url="file://$APPLICATION_HOME_DIR$/helpers/typeshed/third_party/3" type="simple" />
            <root url="file://$APPLICATION_HOME_DIR$/helpers/typeshed/third_party/2and3" type="simple" />
          </root>
        </classPath>
        <sourcePath>
          <root type="composite" />
        </sourcePath>
      </roots>
      <additional />
    </jdk>
  </component>
</application>